scale,compression,max_rank,erank
8,0.267608642578125,51,24.95580149699807
8,0.267608642578125,51,24.95580149699807
8,0.267608642578125,51,24.95580149699807
8,0.267608642578125,51,24.95580149699807
8,0.267608642578125,51,24.95580149699807
8,0.267608642578125,51,24.95580149699807
8,0.267608642578125,51,24.95580149699807
8,0.267608642578125,51,24.95580149699807
8,0.267608642578125,51,24.95580149699807
8,0.267608642578125,51,24.95580149699807
8,0.267608642578125,51,24.95580149699807
8,0.267608642578125,51,24.95580149699807
8,0.267608642578125,51,24.95580149699807
8,0.267608642578125,51,24.95580149699807
8,0.267608642578125,51,24.95580149699807
8,0.267608642578125,51,24.95580149699807
8,0.267608642578125,51,24.95580149699807
8,0.267608642578125,51,24.95580149699807
8,0.267608642578125,51,24.95580149699807
8,0.267608642578125,51,24.95580149699807
8,0.267608642578125,51,24.95580149699807
8,0.267608642578125,51,24.95580149699807
8,0.267608642578125,51,24.95580149699807
8,0.267608642578125,51,24.95580149699807
8,0.267608642578125,51,24.95580149699807
8,0.267608642578125,51,24.95580149699807
8,0.267608642578125,51,24.95580149699807
8,0.267608642578125,51,24.95580149699807
8,0.267608642578125,51,24.95580149699807
8,0.267608642578125,51,24.95580149699807
8,0.267608642578125,51,24.95580149699807
8,0.267608642578125,51,24.95580149699807
8,0.267608642578125,51,24.95580149699807
8,0.267608642578125,51,24.95580149699807
8,0.267608642578125,51,24.95580149699807
8,0.267608642578125,51,24.95580149699807
8,0.267608642578125,51,24.95580149699807
8,0.267608642578125,51,24.95580149699807
8,0.267608642578125,51,24.95580149699807
8,0.267608642578125,51,24.95580149699807
8,0.267608642578125,51,24.95580149699807
8,0.267608642578125,51,24.95580149699807
8,0.267608642578125,51,24.95580149699807
8,0.267608642578125,51,24.95580149699807
8,0.267608642578125,51,24.95580149699807
8,0.267608642578125,51,24.95580149699807
8,0.267608642578125,51,24.95580149699807
8,0.267608642578125,51,24.95580149699807
8,0.267608642578125,51,24.95580149699807
8,0.267608642578125,51,24.95580149699807
9,0.1218414306640625,64,31.530678160007884
9,0.1218414306640625,64,31.530678160007884
9,0.1218414306640625,64,31.530678160007884
9,0.1218414306640625,64,31.530678160007884
9,0.1218414306640625,64,31.530678160007884
9,0.1218414306640625,64,31.530678160007884
9,0.1218414306640625,64,31.530678160007884
9,0.1218414306640625,64,31.530678160007884
9,0.1218414306640625,64,31.530678160007884
9,0.1218414306640625,64,31.530678160007884
9,0.1218414306640625,64,31.530678160007884
9,0.1218414306640625,64,31.530678160007884
9,0.12114715576171875,63,31.4405380479407
9,0.1218414306640625,64,31.530678160007884
9,0.1218414306640625,64,31.530678160007884
9,0.1218414306640625,64,31.530678160007884
9,0.1218414306640625,64,31.530678160007884
9,0.1218414306640625,64,31.530678160007884
9,0.1218414306640625,64,31.530678160007884
9,0.1218414306640625,64,31.530678160007884
9,0.1218414306640625,64,31.530678160007884
9,0.1218414306640625,64,31.530678160007884
9,0.1218414306640625,64,31.530678160007884
9,0.1218414306640625,64,31.530678160007884
9,0.1218414306640625,64,31.530678160007884
9,0.1218414306640625,64,31.530678160007884
9,0.1218414306640625,64,31.530678160007884
9,0.1218414306640625,64,31.530678160007884
9,0.1218414306640625,64,31.530678160007884
9,0.1218414306640625,64,31.530678160007884
9,0.1218414306640625,64,31.530678160007884
9,0.1218414306640625,64,31.530678160007884
9,0.1218414306640625,64,31.530678160007884
9,0.1218414306640625,64,31.530678160007884
9,0.1218414306640625,64,31.530678160007884
9,0.1218414306640625,64,31.530678160007884
9,0.1218414306640625,64,31.530678160007884
9,0.1218414306640625,64,31.530678160007884
9,0.1218414306640625,64,31.530678160007884
9,0.1218414306640625,64,31.530678160007884
9,0.1218414306640625,64,31.530678160007884
9,0.1218414306640625,64,31.530678160007884
9,0.1218414306640625,64,31.530678160007884
9,0.1218414306640625,64,31.530678160007884
9,0.1218414306640625,64,31.530678160007884
9,0.1218414306640625,64,31.530678160007884
9,0.12096405029296875,64,31.416721817732395
9,0.1218414306640625,64,31.530678160007884
9,0.1218414306640625,64,31.530678160007884
9,0.1218414306640625,64,31.530678160007884
10,0.04903411865234375,74,37.73631273170929
10,0.04903411865234375,74,37.73631273170929
10,0.04903411865234375,74,37.73631273170929
10,0.04903411865234375,74,37.73631273170929
10,0.048786163330078125,73,37.64063903248944
10,0.04903411865234375,74,37.73631273170929
10,0.04878044128417969,74,37.63842831127769
10,0.04903411865234375,74,37.73631273170929
10,0.04903411865234375,74,37.73631273170929
10,0.04903411865234375,74,37.73631273170929
10,0.04903411865234375,74,37.73631273170929
10,0.04903411865234375,74,37.73631273170929
10,0.04903411865234375,74,37.73631273170929
10,0.04903411865234375,74,37.73631273170929
10,0.04903411865234375,74,37.73631273170929
10,0.04903411865234375,74,37.73631273170929
10,0.04903411865234375,74,37.73631273170929
10,0.04903411865234375,74,37.73631273170929
10,0.04903411865234375,74,37.73631273170929
10,0.04881095886230469,74,37.650217326616946
10,0.04903411865234375,74,37.73631273170929
10,0.04881095886230469,74,37.650217326616946
10,0.04903411865234375,74,37.73631273170929
10,0.04903411865234375,74,37.73631273170929
10,0.04903411865234375,74,37.73631273170929
10,0.04903411865234375,74,37.73631273170929
10,0.04903411865234375,74,37.73631273170929
10,0.04903411865234375,74,37.73631273170929
10,0.04903411865234375,74,37.73631273170929
10,0.04903411865234375,74,37.73631273170929
10,0.04903411865234375,74,37.73631273170929
10,0.04903411865234375,74,37.73631273170929
10,0.048786163330078125,73,37.64063903248944
10,0.04903411865234375,74,37.73631273170929
10,0.04903411865234375,74,37.73631273170929
10,0.04903411865234375,74,37.73631273170929
10,0.04903411865234375,74,37.73631273170929
10,0.04903411865234375,74,37.73631273170929
10,0.048786163330078125,73,37.64063903248944
10,0.04903411865234375,74,37.73631273170929
10,0.04903411865234375,74,37.73631273170929
10,0.048786163330078125,73,37.64063903248944
10,0.04903411865234375,74,37.73631273170929
10,0.04903411865234375,74,37.73631273170929
10,0.04878044128417969,74,37.63842831127769
10,0.04903411865234375,74,37.73631273170929
10,0.04903411865234375,74,37.73631273170929
10,0.04903411865234375,74,37.73631273170929
10,0.04856300354003906,73,37.55432461468365
10,0.04903411865234375,74,37.73631273170929
11,0.01895618438720703,89,44.53365731969506
11,0.018872737884521484,88,44.43541895947479
11,0.019011974334716797,89,44.59921611853896
11,0.018942832946777344,88,44.51795373359651
11,0.01894855499267578,89,44.52468451935469
11,0.019011974334716797,89,44.59921611853896
11,0.019011974334716797,89,44.59921611853896
11,0.019011974334716797,89,44.59921611853896
11,0.01895618438720703,89,44.53365731969506
11,0.019011974334716797,89,44.59921611853896
11,0.018941879272460938,89,44.516831837140934
11,0.019011974334716797,89,44.59921611853896
11,0.018941879272460938,89,44.516831837140934
11,0.018802642822265625,88,44.35273077187932
11,0.019011974334716797,89,44.59921611853896
11,0.018942832946777344,88,44.51795373359651
11,0.018941879272460938,89,44.516831837140934
11,0.018934249877929688,89,44.50785564858345
11,0.018879413604736328,88,44.4432860103634
11,0.019011974334716797,89,44.59921611853896
11,0.01895618438720703,89,44.53365731969506
11,0.018887042999267578,88,44.4522752227344
11,0.019011974334716797,89,44.59921611853896
11,0.01895618438720703,89,44.53365731969506
11,0.01895618438720703,89,44.53365731969506
11,0.018941879272460938,89,44.516831837140934
11,0.018942832946777344,88,44.51795373359651
11,0.018942832946777344,88,44.51795373359651
11,0.018809795379638672,88,44.36117539538894
11,0.018934249877929688,89,44.50785564858345
11,0.018942832946777344,88,44.51795373359651
11,0.019011974334716797,89,44.59921611853896
11,0.018942832946777344,88,44.51795373359651
11,0.018872737884521484,88,44.43541895947479
11,0.018879413604736328,88,44.4432860103634
11,0.018942832946777344,88,44.51795373359651
11,0.019011974334716797,89,44.59921611853896
11,0.019011974334716797,89,44.59921611853896
11,0.018942832946777344,88,44.51795373359651
11,0.018942832946777344,88,44.51795373359651
11,0.01881694793701172,88,44.36961841348932
11,0.018941879272460938,89,44.516831837140934
11,0.01895618438720703,89,44.53365731969506
11,0.01880359649658203,87,44.35385681447052
11,0.018941879272460938,89,44.516831837140934
11,0.018962860107421875,89,44.54150703889699
11,0.019011974334716797,89,44.59921611853896
11,0.019011974334716797,89,44.59921611853896
11,0.018941879272460938,89,44.516831837140934
11,0.018872737884521484,88,44.43541895947479
12,0.0069162845611572266,101,51.30806416843225
12,0.007037997245788574,102,51.75795243909243
12,0.007020115852355957,103,51.69210234882128
12,0.007027387619018555,103,51.71889149176644
12,0.007016658782958984,103,51.679361660794534
12,0.006991863250732422,103,51.587888035824285
12,0.007034182548522949,103,51.743911445567825
12,0.00706028938293457,104,51.83992851380994
12,0.007057070732116699,103,51.82810039807461
12,0.007015228271484375,102,51.67408873389773
12,0.007015228271484375,102,51.67408873389773
12,0.007037997245788574,102,51.75795243909243
12,0.00706028938293457,104,51.83992851380994
12,0.007057070732116699,103,51.82810039807461
12,0.0069953203201293945,103,51.60065128967967
12,0.006997346878051758,103,51.608131730878775
12,0.006917834281921387,100,51.31381719187082
12,0.007057070732116699,103,51.82810039807461
12,0.007025361061096191,103,51.71142705871893
12,0.006909012794494629,101,51.28106060046972
12,0.007013201713562012,103,51.666617833749754
12,0.00699770450592041,102,51.60945169628569
12,0.0070046186447143555,102,51.63496440098336
12,0.007002711296081543,103,51.627927671621826
12,0.007020235061645508,103,51.69254162693199
12,0.007037997245788574,102,51.75795243909243
12,0.006995677947998047,103,51.60197144626598
12,0.007057070732116699,103,51.82810039807461
12,0.007037639617919922,103,51.756636257622574
12,0.007057070732116699,103,51.82810039807461
12,0.007004499435424805,103,51.63452463346816
12,0.006976485252380371,103,51.53107528888063
12,0.007035970687866211,103,51.750493635208045
12,0.007018446922302246,103,51.685952063607076
12,0.007076144218444824,104,51.898153624868634
12,0.006890296936035156,101,51.21149418726295
12,0.007057070732116699,103,51.82810039807461
12,0.007044792175292969,103,51.78295353638336
12,0.007035613059997559,104,51.74917726419847
12,0.0070046186447143555,102,51.63496440098336
12,0.006973385810852051,103,51.5196170783709
12,0.007021903991699219,103,51.69869112891374
12,0.006954073905944824,102,51.4481661779575
12,0.007037997245788574,102,51.75795243909243
12,0.007018327713012695,103,51.685512729540534
12,0.0070220232009887695,103,51.69913035108996
12,0.007014751434326172,103,51.67233097213094
12,0.006922721862792969,101,51.33195712302155
12,0.006989002227783203,102,51.57732295658222
12,0.007076144218444824,104,51.898153624868634
13,0.002492666244506836,114,58.99223661027337
13,0.002433091402053833,114,58.28251416293816
13,0.0025213658809661865,118,59.33111106952412
13,0.0024838149547576904,116,58.88733074641605
13,0.002419084310531616,112,58.114388358679655
13,0.002471745014190674,114,58.74397559495288
13,0.002491205930709839,116,58.97494175371312
13,0.0024987459182739258,115,59.0641852949717
13,0.0025125741958618164,117,59.22750803185975
13,0.002507805824279785,117,59.17124073347521
13,0.002435356378555298,113,58.309654964562135
13,0.002487659454345703,117,58.93291884362845
13,0.0024726390838623047,115,58.75460648147692
13,0.002485990524291992,116,58.913132991866455
13,0.002498060464859009,118,59.056077814639686
13,0.002457916736602783,113,58.57930571334235
13,0.002484440803527832,114,58.89475446756162
13,0.0024664103984832764,115,58.68050463836748
13,0.002495318651199341,115,59.023636764742555
13,0.0024657249450683594,113,58.67234417780251
13,0.0024802684783935547,117,58.84524531534998
13,0.0024935007095336914,115,59.002117110948554
13,0.0024509429931640625,113,58.4960852783626
13,0.002480745315551758,116,58.8509056106965
13,0.0024916529655456543,116,58.980236635789126
13,0.0025070011615753174,116,59.16174035335014
13,0.0025004148483276367,116,59.083920598445914
13,0.002492159605026245,115,58.98623692797049
13,0.0024647116661071777,115,58.660278810274534
13,0.0024968087673187256,117,59.04126997986247
13,0.0025061070919036865,116,59.15118258708844
13,0.0024725496768951416,116,58.75354347932319
13,0.0024802982807159424,116,58.845599099748775
13,0.0024796724319458008,114,58.838169180968336
13,0.002492964267730713,116,58.99576555034102
13,0.0024780333042144775,115,58.81870542507073
13,0.002447962760925293,113,58.46048488446101
13,0.0024881958961486816,115,58.9392771720946
13,0.002461045980453491,113,58.61660984038542
13,0.0024701058864593506,114,58.72448064149404
13,0.0025130510330200195,117,59.23313182401663
13,0.0024616122245788574,116,58.62335757644128
13,0.002503424882888794,116,59.119497983615354
13,0.0025073587894439697,117,59.16596293271669
13,0.0024499595165252686,114,58.48433954234932
13,0.0024750828742980957,115,58.78365443554048
13,0.0024994313716888428,117,59.07229166336266
13,0.002484619617462158,115,58.89687535899859
13,0.002442300319671631,113,58.39278438273092
13,0.002475172281265259,115,58.784716893584395
14,0.0008370727300643921,124,65.69703363304978
14,0.0008299723267555237,123,65.41764191484478
14,0.0008146241307258606,121,64.80959710679917
14,0.0008502155542373657,125,66.21107792627694
14,0.0008539482951164246,125,66.356347822355
14,0.0008208900690078735,122,65.05851891305652
14,0.0008264482021331787,121,65.27852837685555
14,0.0008129402995109558,121,64.74254186814575
14,0.0008399114012718201,122,65.80839997822451
14,0.0008153989911079407,121,64.84043110050979
14,0.0008295327425003052,121,65.40030562994338
14,0.000845298171043396,124,66.01921677303626
14,0.0008187666535377502,121,64.97427048722547
14,0.0008543729782104492,126,66.37285540188742
14,0.0008041337132453918,122,64.39070005708716
14,0.0007728859782218933,119,63.12647471257596
14,0.0008129477500915527,119,64.74283872562182
14,0.0008424371480941772,124,65.90733160360396
14,0.0008305534720420837,122,65.44055402599193
14,0.0008367300033569336,123,65.6835750601905
14,0.0008277446031570435,122,65.32973775821436
14,0.0008351355791091919,122,65.62092716904766
14,0.0008224621415138245,123,65.1208221325604
14,0.0008238032460212708,120,65.17392475006334
14,0.0008083730936050415,123,64.56031150940635
14,0.0008292496204376221,123,65.38913745507612
14,0.000852540135383606,125,66.30158277332603
14,0.0008385553956031799,124,65.75522487290799
14,0.0008089542388916016,120,64.58352759287007
14,0.0008345767855644226,123,65.59895698222047
14,0.0008620992302894592,126,66.67246435180094
14,0.0008276998996734619,122,65.32797258532382
14,0.0008526891469955444,124,66.30738015534149
14,0.0008269324898719788,121,65.2976630144811
14,0.0008557289838790894,125,66.42553636831111
14,0.0008330866694450378,122,65.54033383296064
14,0.0008450224995613098,124,66.00844442224373
14,0.0008263438940048218,123,65.2744063365535
14,0.0008314996957778931,124,65.47784249858375
14,0.0008336901664733887,123,65.56408252030378
14,0.0008157193660736084,122,64.85317548984142
14,0.0008241459727287292,122,65.18748848308293
14,0.0008055567741394043,122,64.44768439809975
14,0.0008352175354957581,123,65.62414884497407
14,0.0008335411548614502,122,65.55821944627286
14,0.0008275136351585388,123,65.3206171851376
14,0.0008186101913452148,122,64.96805838943564
14,0.0008367523550987244,122,65.68445287721191
14,0.0008073747158050537,122,64.52040797716809
14,0.0007881522178649902,120,63.747248960876206
15,0.0002783704549074173,136,73.02224600079035
15,0.0002567097544670105,129,70.1222797894662
15,0.00025395676493644714,127,69.74507403290067
15,0.0002555176615715027,130,69.95919259897211
15,0.0002567023038864136,129,70.12126167184967
15,0.00025722384452819824,128,70.19249425978546
15,0.0002586040645837784,128,70.38065853499047
15,0.0002436954528093338,126,68.32076615591863
15,0.00026208721101284027,131,70.85329244671358
15,0.0002685319632291794,131,71.7195831081481
15,0.000262431800365448,130,70.8998791661442
15,0.00025503896176815033,130,69.89359586651979
15,0.0002645496279001236,130,71.18552946377726
15,0.0002488214522600174,130,69.03594511706144
15,0.00026984699070453644,132,71.89506486894189
15,0.00026713497936725616,132,71.53269347773899
15,0.0002688821405172348,133,71.76635385856633
15,0.00024695880711078644,126,68.77692878907813
15,0.00024947337806224823,130,69.12637166210152
15,0.000264827162027359,130,71.22287810703452
15,0.0002746656537055969,134,72.53445759598087
15,0.000258738175034523,130,70.39891490899304
15,0.00026439130306243896,132,71.16421441466274
15,0.00026282109320163727,132,70.95247278848582
15,0.00027196668088436127,134,72.17702591252755
15,0.000269157811999321,130,71.8031519642596
15,0.00026508793234825134,130,71.257952963179
15,0.0002634618431329727,130,71.03895362323443
15,0.00025652162730693817,127,70.09656779462244
15,0.00026809610426425934,132,71.66132582909444
15,0.00026647746562957764,131,71.44456164365505
15,0.0002601873129606247,132,70.59588419599669
15,0.0002653263509273529,132,71.29000630908479
15,0.0002683829516172409,131,71.69967141217188
15,0.0002617388963699341,129,70.80617095233984
15,0.0002656988799571991,132,71.34006084499937
15,0.00026327185332775116,131,71.01332202882335
15,0.0002709142863750458,132,72.03717434454808
15,0.00026982836425304413,134,71.89258228064948
15,0.0002657230943441391,131,71.34331317490953
15,0.00026010535657405853,128,70.58475920115922
15,0.0002686399966478348,131,71.73401563333351
15,0.00025600753724575043,126,70.02625718910775
15,0.0002644341439008713,132,71.16998264585294
15,0.00026035308837890625,130,70.61838167135107
15,0.00026261433959007263,130,70.92454514424654
15,0.0002597477287054062,129,70.5361932459166
15,0.0002587661147117615,129,70.40271772467072
15,0.0002688467502593994,131,71.76162841140334
15,0.000260673463344574,131,70.6618396511304
16,7.014675065875053e-05,130,70.82780630688913
16,7.938547059893608e-05,136,75.3499170903811
16,8.146371692419052e-05,140,76.33027783789868
16,7.734447717666626e-05,137,74.37455901986024
16,8.232798427343369e-05,144,76.73428860311705
16,7.745763286948204e-05,136,74.42896883658648
16,7.538218051195145e-05,134,73.42459869430938
16,7.623573765158653e-05,133,73.83931233323105
16,7.985299453139305e-05,138,75.57156803629422
16,8.027488365769386e-05,139,75.77102743246373
16,7.446948438882828e-05,135,72.97854545665841
16,7.80085101723671e-05,139,74.69328694202623
16,7.821386680006981e-05,137,74.79158081815619
16,8.362391963601112e-05,139,77.33613379966718
16,7.057236507534981e-05,130,71.04245563715773
16,7.34543427824974e-05,136,72.47920198145052
16,7.683597505092621e-05,134,74.12955795634366
16,8.022831752896309e-05,137,75.74903782103064
16,7.124431431293488e-05,130,71.38002520537269
16,8.409237489104271e-05,144,77.5525402376833
16,8.184975013136864e-05,139,76.51099659674342
16,7.537007331848145e-05,131,73.41869938946552
16,8.083879947662354e-05,137,76.03681703971233
16,8.040200918912888e-05,141,75.83102661988258
16,8.286070078611374e-05,140,76.98225671901331
16,8.299853652715683e-05,138,77.04628639703235
16,7.807929068803787e-05,136,74.7271806058073
16,7.769046351313591e-05,137,74.54079831505473
16,7.855799049139023e-05,133,74.95600664983434
16,8.342880755662918e-05,140,77.24582153897217
16,7.504457607865334e-05,132,73.25992086588413
16,7.958803325891495e-05,141,75.44603102835457
16,8.444394916296005e-05,143,77.71455695601432
16,8.43140296638012e-05,143,77.65472523710876
16,7.863854989409447e-05,138,74.9944467069809
16,8.186511695384979e-05,138,76.51818163824932
16,8.215941488742828e-05,141,76.6556561704482
16,8.13785009086132e-05,135,76.29032689802031
16,8.226698264479637e-05,141,76.7058425230121
16,7.811328396201134e-05,140,74.74345302298032
16,8.441507816314697e-05,142,77.7012649982833
16,7.866602391004562e-05,138,75.00755181899174
16,7.875869050621986e-05,138,75.05173693884377
16,7.899012416601181e-05,139,75.16197532647898
16,7.934356108307838e-05,140,75.33001614401175
16,8.092913776636124e-05,136,76.07930979804426
16,7.980875670909882e-05,138,75.55062293017835
16,8.453382179141045e-05,141,77.75591899485
16,8.541624993085861e-05,144,78.16087645514428
16,8.412590250372887e-05,142,77.56800542945977
17,2.2516120225191116e-05,144,77.71272710795672
17,2.295849844813347e-05,142,78.47273701061305
17,2.2328575141727924e-05,144,77.38827096572608
17,2.279016189277172e-05,141,78.18440365425579
17,2.2199004888534546e-05,140,77.16331571911327
17,2.221483737230301e-05,140,77.19083865708373
17,2.2518448531627655e-05,144,77.71674660803161
17,2.4079810827970505e-05,149,80.36698366568757
17,2.3903092369437218e-05,145,80.07142459056843
17,2.3362459614872932e-05,143,79.16037504054641
17,2.258399035781622e-05,145,77.82981039967926
17,2.3884582333266735e-05,146,80.04040370193438
17,2.194289118051529e-05,138,76.71672050451886
17,2.1107145585119724e-05,140,75.24097081593246
17,2.3997272364795208e-05,144,80.22907473496788
17,2.169935032725334e-05,138,76.28962510348985
17,2.40599038079381e-05,149,80.33374378810716
17,2.265081275254488e-05,140,77.94491447711763
17,2.3061176761984825e-05,141,78.64808957884051
17,2.137967385351658e-05,138,75.725356817904
17,2.3656990379095078e-05,148,79.65799630439479
17,2.2177351638674736e-05,142,77.12565815839176
17,2.506445161998272e-05,146,81.99428551524367
17,2.2008665837347507e-05,142,76.83166190530385
17,2.1922518499195576e-05,144,76.68108425312059
17,2.2905413061380386e-05,143,78.3819247639547
17,2.3359782062470913e-05,146,79.15583686750952
17,2.477387897670269e-05,147,81.51743776726272
17,2.3332773707807064e-05,144,79.1100459621113
17,2.3679924197494984e-05,146,79.696613551976
17,2.392847090959549e-05,143,80.11393685836659
17,2.3818225599825382e-05,149,79.92909783917898
17,2.1870946511626244e-05,140,76.59079954556161
17,2.4106819182634354e-05,144,80.41205908510973
17,2.2617285139858723e-05,141,77.88718316290762
17,2.4865497834980488e-05,148,81.66809042917667
17,2.3034284822642803e-05,142,78.60220170194742
17,2.3122411221265793e-05,144,78.75247913592312
17,2.2972584702074528e-05,142,78.49681648939284
17,2.2751977667212486e-05,144,78.11885221722362
17,2.2033345885574818e-05,139,76.87474603777656
17,2.5009852834045887e-05,145,81.90489725237268
17,2.289388794451952e-05,140,78.36219504843818
17,2.1664658561348915e-05,142,76.2285918341036
17,2.4951878003776073e-05,147,81.80987491017274
17,2.3712520487606525e-05,145,79.75146884664309
17,2.3270258679986e-05,146,79.00395403315535
17,2.2782478481531143e-05,143,78.17121784189423
17,2.3523112758994102e-05,144,79.43219113214896
17,2.4302396923303604e-05,149,80.73771666766575
18,5.663459887728095e-06,143,75.62363323675508
18,6.585731171071529e-06,154,81.55130059892691
18,6.546906661242247e-06,150,81.31047596351843
18,6.377376848831773e-06,145,80.25043506018766
18,6.2545295804739e-06,144,79.47346080858446
18,6.392045179381967e-06,148,80.34270613472572
18,6.098736776039004e-06,147,78.4770565734779
18,6.1831960920244455e-06,147,79.01879196005136
18,6.905087502673268e-06,154,83.50589767911815
18,6.914167897775769e-06,154,83.56080533313197
18,5.969224730506539e-06,146,77.63900664324858
18,6.571994163095951e-06,147,81.46617263602477
18,6.2811304815113544e-06,147,79.64234672188721
18,6.102811312302947e-06,146,78.50327708518056
18,6.449699867516756e-06,151,80.70436085569436
18,6.15179305896163e-06,149,78.81780263119452
18,6.093614501878619e-06,147,78.444081214427
18,6.072572432458401e-06,148,78.3084743087878
18,6.804708391427994e-06,153,82.89649942959358
18,7.330090738832951e-06,155,86.0382820807518
18,6.7315122578293085e-06,152,82.44928948094635
18,7.014197763055563e-06,150,84.16329949795501
18,6.1970786191523075e-06,148,79.10748180507885
18,6.861402653157711e-06,153,83.2412365157771
18,6.439891876652837e-06,146,80.64295200887281
18,7.587543223053217e-06,156,87.5367026544213
18,6.1364262364804745e-06,147,78.71926318432656
18,7.211754564195871e-06,157,85.34072170468326
18,6.37775519862771e-06,147,80.25281640049609
18,7.419235771521926e-06,158,86.56005733615855
18,6.220070645213127e-06,147,79.25415032727555
18,6.6520588006824255e-06,148,81.96108793814071
18,7.156515493988991e-06,158,85.01314322495536
18,6.785820005461574e-06,154,82.78132734629787
18,6.395188393071294e-06,148,80.36246472930543
18,6.249843863770366e-06,145,79.44367458084382
18,6.430607754737139e-06,150,80.58478006201548
18,6.8021181505173445e-06,150,82.88071488063231
18,6.356596713885665e-06,146,80.11953586549309
18,6.622838554903865e-06,151,81.78081149472416
18,6.885820766910911e-06,151,83.38927520434281
18,6.8872468546032906e-06,153,83.39791296832587
18,6.659218342974782e-06,151,82.00519883131109
18,6.466550985351205e-06,146,80.80975852598428
18,6.1287719290703535e-06,144,78.67013405425503
18,6.633461453020573e-06,151,81.8463961633716
18,6.6889915615320206e-06,151,82.18838175308596
18,6.3783954828977585e-06,150,80.2568462001107
18,6.443908205255866e-06,149,80.66810430825652
18,6.913352990522981e-06,150,83.55587919639504
